contreg,eixox,eixoy,eixoz,gps_fix,gps_speed,gps_direction,gps_alt,gps_rtc
0,4.2478561246389,-4.9050005617039,-7.3574987470802,3,0.00063526838585993,90,0,00000000000.00
1,2.0769435391537,-2.398248415151,-3.5973711093274,3,10.626812079456,90,0,00000000000.05
2,0.55142827041182,-1.1700043131875,-0.83412749921856,3,7.5254933473588,90,0,00000000000.10
3,1.5872517079582,-2.4993418460093,-2.2303139662873,3,11.461837619301,90,0,00000000000.15
4,5.5745078396984,-7.1265121330953,-9.57838772936,3,12.510253611284,90,0,00000000000.20
5,8.199018036807,-9.0530454537782,-15.340366603473,3,9.7576406491968,90,0,00000000000.25
6,8.1706695103048,-8.3695301536042,-15.554302564571,3,2.7114601137518,90,0,00000000000.30
7,6.6800761588999,-6.7465921453422,-12.220980019057,3,4.4522953702131,90,0,00000000000.35
8,4.5966312899923,-4.4734112656266,-8.2409107868686,3,13.443852457977,90,0,00000000000.40
9,2.9686571551473,-3.0341081742761,-4.9055970737846,3,9.662097820684,90,0,00000000000.45
10,2.1442641882622,-2.6918895195365,-3.6588004449393,3,12.426280360515,90,0,00000000000.50
11,2.4804522967869,-3.0887842573896,-4.4124007923226,3,6.1387649762476,90,0,00000000000.55
12,3.1712512376403,-4.1137237941847,-6.1626142689089,3,9.2604476373809,90,0,00000000000.60
13,4.0912188508993,-5.0407054302506,-7.8217467303303,3,3.9838913738528,90,0,00000000000.65
14,4.7224664680233,-5.5502436281532,-8.8940947748732,3,14.677364533682,90,0,00000000000.70
15,4.9196972968946,-5.5751788575816,-9.1935540839366,3,15.240764335634,90,0,00000000000.75
16,4.9046922939463,-5.3255327310393,-8.6787813877521,3,10.277980220352,90,0,00000000000.80
17,4.5225310785239,-4.8840648968822,-7.972025865155,3,12.443694493082,90,0,00000000000.85
18,4.0892616766017,-4.6588264055549,-7.3814770426086,3,9.2261233391915,90,0,00000000000.90
19,3.8682749054562,-4.4324791747551,-7.0273360624964,3,13.826885857334,90,0,00000000000.95
20,3.7686017414567,-4.504081579197,-6.8832297334031,3,8.1188174799425,90,0,00000000001.00
21,3.7902736167387,-4.4385881848931,-7.0844573329135,3,9.1267474156398,90,0,00000000001.05
22,3.8791911696654,-4.7030721419894,-7.2441283897957,3,17.81413400081,90,0,00000000001.10
23,4.1247906998132,-4.7299999359716,-7.5132992275262,3,12.267013052377,90,0,00000000001.15
24,4.2677808388538,-4.7120780308582,-7.7459934213705,3,6.3164183624615,90,0,00000000001.20
25,4.3010611838157,-4.9004319590311,-7.7711586874639,3,13.72277499332,90,0,00000000001.25
26,4.3080358582457,-4.9170011181691,-7.7986625044311,3,8.2566194456567,90,0,00000000001.30
27,4.3217272307648,-4.8632386624579,-7.6756818299556,3,13.665055952735,90,0,00000000001.35
28,4.1728641718476,-4.7716929173504,-7.5697196777391,3,14.476165154205,90,0,00000000001.40
29,4.0301981330476,-4.6875069485392,-7.4759769427825,3,6.6649478495388,90,0,00000000001.45
30,4.116600649481,-4.6462125732034,-7.3383596034196,3,2.834370231407,90,0,00000000001.50
31,4.0398140381737,-4.6320159582116,-7.3534609982497,3,12.660687706545,90,0,00000000001.55
32,4.080970577775,-4.6782556561837,-7.4255127658125,3,10.419493834616,90,0,00000000001.60
33,4.1168800462402,-4.7160766641424,-7.4848789891891,3,9.6700416102891,90,0,00000000001.65
34,4.1693847508741,-4.773583502087,-7.5741788500146,3,13.882405203381,90,0,00000000001.70
35,4.200312109463,-4.8071097161969,-7.626550841188,3,7.2845195692597,90,0,00000000001.75
36,4.1347116130681,-4.803264285469,-7.6586400246335,3,7.2070133026551,90,0,00000000001.80
37,4.1682476060645,-4.7689422562569,-7.5695189777338,3,1.9437396680487,90,0,00000000001.85
38,4.1474022795283,-4.74665757075,-7.5346069556987,3,5.5784159248988,90,0,00000000001.90
39,4.1296265920522,-4.728156848684,-7.5050654050351,3,4.0605584094975,90,0,00000000001.95
40,4.114400400003,-4.7111923431318,-7.479121087645,3,6.23118156059,90,0,00000000002.00
41,4.1003481400034,-4.6942464640303,-7.4540172888386,3,8.4514129259557,90,0,00000000002.05
42,4.1207189577104,-4.7176077583823,-7.490255514157,3,4.2705501144303,90,0,00000000002.10
43,4.136088107768,-4.7351380423717,-7.5167586250653,3,12.485451848114,90,0,00000000002.15
44,4.0840830576716,-4.7482734153402,-7.5726631225964,3,13.915188206276,90,0,00000000002.20
45,4.1640818003861,-4.7682200156346,-7.5650570114908,3,11.593145944199,90,0,00000000002.25
46,4.160207964321,-4.7639955366368,-7.5576627762608,3,6.6211857473301,90,0,00000000002.30
47,4.1567588113298,-4.7601929467452,-7.5517642450147,3,9.8599554904749,90,0,00000000002.35
48,4.1519597063307,-4.742115045108,-7.5185467643236,3,9.6855818711139,90,0,00000000002.40
49,4.0639352917106,-4.7253163149663,-7.5367899757099,3,5.6520349034769,90,0,00000000002.45
50,4.1319940139244,-4.731010420917,-7.5091767283454,3,6.0537183491713,90,0,00000000002.50
51,4.1271013110111,-4.7254746397965,-7.5004358007366,3,12.384167638056,90,0,00000000002.55
52,4.0888942698635,-4.7426887397867,-7.5573656843736,3,9.0086654005934,90,0,00000000002.60
53,4.1497925188025,-4.7394896468949,-7.5156708403498,3,8.2279489160031,90,0,00000000002.65
54,4.1475117099256,-4.7487251067674,-7.5362274569016,3,6.4542871648597,90,0,00000000002.70
55,4.1432523063329,-4.7433872316845,-7.5277580098103,3,4.6434884327278,90,0,00000000002.75
56,4.1485547911597,-4.7494501413573,-7.5369352620247,3,6.2016363345742,90,0,00000000002.80
57,4.1490684155352,-4.7495744729151,-7.5378181557835,3,2.5049967569955,90,0,00000000002.85
58,4.1235399336549,-4.7190392011115,-7.4917805548005,3,10.327739341358,90,0,00000000002.90
59,4.1388918542457,-4.7377331726026,-7.5200447966137,3,6.8206419473962,90,0,00000000002.95
60,4.1447549952357,-4.7457495312828,-7.5309151931883,3,4.5629532240117,90,0,00000000003.00
61,4.1418944380836,-4.7429392655474,-7.5258050264641,3,7.6072464050581,90,0,00000000003.05
62,4.0725556130518,-4.7359883398419,-7.5516832199545,3,14.008358966582,90,0,00000000003.10
63,4.1613940035635,-4.7533384129216,-7.5358772796302,3,11.457614296421,90,0,00000000003.15
64,4.1374673964355,-4.7370551698005,-7.5175246378465,3,7.8164350341848,90,0,00000000003.20
65,4.2043521865998,-4.7408870963517,-7.4867518787977,3,12.034950604854,90,0,00000000003.25
66,4.0753230379508,-4.7381629779504,-7.5557600843313,3,6.6758933053774,90,0,00000000003.30
67,4.1439051634267,-4.7445532474926,-7.5284066759527,3,4.7272305793967,90,0,00000000003.35
68,4.1464928430774,-4.7475399988475,-7.5333049668013,3,9.6414656705714,90,0,00000000003.40
69,4.1353579509042,-4.7340595708815,-7.5133616261357,3,3.5316289641794,90,0,00000000003.45
70,4.1411396011728,-4.7406761517986,-7.5241658988106,3,4.595568523457,90,0,00000000003.50
71,4.1436709358103,-4.7435674425942,-7.5289067961515,3,11.574111219567,90,0,00000000003.55
72,4.0741956720278,-4.7363049895022,-7.5543146717641,3,4.9586649642372,90,0,00000000003.60
73,4.1373724015374,-4.736250041473,-7.5168429097543,3,12.78722792824,90,0,00000000003.65
74,4.1384033755785,-4.7379646062514,-7.5184261580559,3,3.4676898045277,90,0,00000000003.70
75,4.148372717605,-4.750123953208,-7.5363611016847,3,3.1127086969319,90,0,00000000003.75
76,4.1412010684598,-4.7416675446322,-7.5232559966985,3,8.1220868495231,90,0,00000000003.80
77,4.14929472691,-4.7385373696076,-7.512817733778,3,6.3146541243453,90,0,00000000003.85
78,4.1458427799512,-4.7468587364165,-7.5321054233821,3,13.867357544944,90,0,00000000003.90
79,4.1464537275311,-4.7474515232071,-7.5331350004395,3,12.940433694675,90,0,00000000003.95
80,4.1371866026926,-4.7360945106104,-7.5160470946521,3,7.521706907018,90,0,00000000004.00
81,4.1391316697973,-4.7380297988285,-7.5194766898702,3,6.5939189737612,90,0,00000000004.05
82,4.1347861188705,-4.7329433808288,-7.5116461300347,3,1.6806122322042,90,0,00000000004.10
83,4.1431656933376,-4.7432684880619,-7.5268904828733,3,6.8073441643965,90,0,00000000004.15
84,4.151844222337,-4.75359545794,-7.5427080647292,3,10.346541980729,90,0,00000000004.20
85,4.2019009456998,-4.7373452767687,-7.4818764053511,3,10.270636044231,90,0,00000000004.25
86,4.1371637852906,-4.735386239826,-7.5160075134445,3,6.1576047421626,90,0,00000000004.30
87,4.1438208787377,-4.7433569637023,-7.5279605724607,3,10.864802056756,90,0,00000000004.35
88,4.1377710075804,-4.736511743104,-7.5169551341192,3,2.6124192844996,90,0,00000000004.40
89,4.1423647559615,-4.7422682476643,-7.5254636967567,3,5.6935903973168,90,0,00000000004.45
90,4.1407926835302,-4.7408996692059,-7.5227228145498,3,10.797515535938,90,0,00000000004.50
91,4.2046930506459,-4.7420633567076,-7.486813811746,3,12.19806651614,90,0,00000000004.55
92,4.1454125089422,-4.7471870276085,-7.5308923757863,3,5.2379204913339,90,0,00000000004.60
93,4.1431545174672,-4.7444540616431,-7.5268928111796,3,10.380130770445,90,0,00000000004.65
94,4.1422543942416,-4.7429713961747,-7.5255852343469,3,15.129871764985,90,0,00000000004.70
95,4.1416196979372,-4.7415818629594,-7.524821549872,3,9.0162571468851,90,0,00000000004.75
96,4.0717053155815,-4.7333815680794,-7.550065047058,3,4.0712723541058,90,0,00000000004.80
97,4.1338361698895,-4.7321354585337,-7.5111883850111,3,6.1833756323184,90,0,00000000004.85
98,4.1503829772868,-4.7522133753049,-7.5411522904422,3,14.20304592026,90,0,00000000004.90
99,4.2081463945886,-4.7458100672473,-7.4937465766621,3,5.2300220430841,90,0,00000000004.95
100,4.138755415495,-4.7383878923414,-7.5189602715271,3,5.488318876485,90,0,00000000005.00
101,4.5780807421709,-4.9266798875661,-7.3076864958815,3,6.2911578256569,90,0,00000000005.05
102,5.1344132406124,-4.9209648268584,-7.0218873600324,3,13.96040119739,90,0,00000000005.10
103,5.1419620753824,-4.8434345545106,-6.8528625653163,3,9.3197512942622,90,0,00000000005.15
104,5.0496740662182,-4.671436046955,-6.8420270933366,3,8.1673210223368,90,0,00000000005.20
105,5.0866661971249,-4.6953994413229,-6.8756962654549,3,9.4911361218325,90,0,00000000005.25
106,5.1596697763138,-4.7020150909175,-6.8595406135204,3,11.234810554457,90,0,00000000005.30
107,5.1582490437937,-4.7803057881113,-7.0272806488058,3,3.0475705682155,90,0,00000000005.35
108,5.1287093557751,-4.9235124596403,-6.9881413538054,3,6.3150031424295,90,0,00000000005.40
109,5.1385362054544,-4.8297790379089,-7.133277259956,3,2.0822612563574,90,0,00000000005.45
110,5.0702828368317,-4.6446879982212,-7.1345624850479,3,4.8493356671655,90,0,00000000005.50
111,5.0274541076271,-4.6033363465498,-7.0779604269415,3,5.3905220362526,90,0,00000000005.55
112,5.0417750541768,-4.5392865021679,-6.9470635109579,3,10.576305158391,90,0,00000000005.60
113,5.0392325436688,-4.5599623280036,-6.939133765273,3,6.5216021945838,90,0,00000000005.65
114,5.0871341866964,-4.5876286607524,-7.0246268452555,3,12.282897435777,90,0,00000000005.70
115,5.1188699332416,-4.9042010213116,-6.9602873595667,3,7.2734171013007,90,0,00000000005.75
116,5.1612935371455,-4.6809942100842,-7.1613086711366,3,8.4198963150149,90,0,00000000005.80
117,5.1910790943121,-4.8111549156076,-7.066891658668,3,3.3491397074852,90,0,00000000005.85
118,5.0451101201581,-4.7252515880504,-6.980382971466,3,13.191892435387,90,0,00000000005.90
119,5.039543605394,-4.6259404756846,-7.0695463935408,3,3.662658794536,90,0,00000000005.95
120,5.079257992057,-4.6779613582641,-6.8651834967319,3,6.7686630820917,90,0,00000000006.00
121,4.9745670950944,-4.877167056561,-6.980107299997,3,15.954872892137,90,0,00000000006.05
122,5.1478471024519,-4.7647215025492,-6.989410280753,3,10.257787965454,90,0,00000000006.10
123,5.0883812275646,-4.8768410936753,-6.9097323786501,3,13.706303272737,90,0,00000000006.15
124,5.0099517633137,-4.8472203805966,-6.8947557810391,3,8.6844250754886,90,0,00000000006.20
125,5.179795190534,-4.7069250232976,-7.1987776391789,3,5.7070627813867,90,0,00000000006.25
126,5.029503017194,-4.8681490604993,-6.9297600040047,3,17.968896092397,90,0,00000000006.30
127,5.0633076967404,-4.7498687708347,-7.0125070795064,3,9.01890674456,90,0,00000000006.35
128,5.0758228089037,-4.8469833590126,-6.8594204729139,3,5.099463521096,90,0,00000000006.40
129,5.0507418274993,-4.7082763722892,-6.9886270385049,3,6.9745714505295,90,0,00000000006.45
130,5.091130026013,-4.7598492887315,-7.0121806509595,3,17.747391218912,90,0,00000000006.50
131,5.0668648831452,-4.7557705617097,-7.0198272745952,3,9.3368455071937,90,0,00000000006.55
132,5.1202450309577,-4.7990407377937,-7.0913006908667,3,2.9693553844577,90,0,00000000006.60
133,5.1278772190942,-4.5644298821819,-6.9525112820993,3,5.6236450457549,90,0,00000000006.65
134,5.1142244964601,-4.6209080743917,-7.0780987283373,3,13.575190842346,90,0,00000000006.70
135,5.1056744899699,-4.6367265875702,-7.0620650796543,3,14.389601830286,90,0,00000000006.75
136,5.0660397313833,-4.5624857463997,-6.9895658116156,3,11.792360038393,90,0,00000000006.80
137,5.014703836525,-4.8574230189169,-6.9243764941178,3,4.506213287194,90,0,00000000006.85
138,5.1253696331812,-4.9170840058743,-6.9732127193046,3,17.309331254329,90,0,00000000006.90
139,5.1510117364101,-4.7674423613217,-6.9930154302681,3,5.7605595721072,90,0,00000000006.95
140,5.0649607942319,-4.9102890766927,-6.9903271677842,3,22.404014357189,90,0,00000000007.00
141,5.10655784939,-4.6304089611854,-7.088082505863,3,9.1960787165292,90,0,00000000007.05
142,5.0169664846125,-4.6665619704922,-6.8787966381585,3,4.6318212564647,90,0,00000000007.10
143,5.0448563347685,-4.7239016360426,-6.9814917109384,3,13.835728926607,90,0,00000000007.15
144,5.1291508026545,-4.8500767467973,-6.8323608967937,3,9.7710808155503,90,0,00000000007.20
145,5.1261864030403,-4.8937194518934,-6.9774884210416,3,18.97436424622,90,0,00000000007.25
146,5.052434040537,-4.8053499822758,-7.1188031108501,3,5.8172212769112,90,0,00000000007.30
147,5.1106347137668,-4.9034131224509,-6.9466127508532,3,10.096404286047,90,0,00000000007.35
148,5.1759912036587,-4.7660616756704,-7.0362436968382,3,22.677376350926,90,0,00000000007.40
149,5.0658851318433,-4.8435681992937,-6.8642256315094,3,6.9867325847241,90,0,00000000007.45
150,5.1585163333599,-4.6119529426008,-7.0296401544366,3,20.119297529648,90,0,00000000007.50
151,5.0495609105308,-4.7276585911302,-6.987287331045,3,5.75227078057,90,0,00000000007.55
152,5.0745957914699,-4.5749999272404,-7.008578295412,3,7.9142089394326,90,0,00000000007.60
153,5.070060250747,-4.5587925869055,-6.9771042504978,3,21.481190822046,90,0,00000000007.65
154,5.2197880426336,-4.5458709524577,-7.1457374240899,3,7.7482076080445,90,0,00000000007.70
155,5.1371592450932,-4.759397131643,-6.9997628620007,3,12.064977753185,90,0,00000000007.75
156,5.0807690628625,-4.7539568110818,-7.0237351039327,3,8.5154654362206,90,0,00000000007.80
157,5.0988390482582,-4.8842837576769,-6.9298084327763,3,15.140707585863,90,0,00000000007.85
158,5.092747267587,-4.7728463603042,-7.0404742294325,3,16.265040364483,90,0,00000000007.90
159,5.0370960897841,-4.7830108144008,-7.0902939312114,3,4.606706086827,90,0,00000000007.95
160,5.0533737449701,-4.4784581024187,-7.0917356184884,3,25.424888990628,90,0,00000000008.00
161,5.0444973099331,-4.7298397484964,-6.9303299733933,3,11.473263491791,90,0,00000000008.05
162,5.0228715351164,-4.6936443640144,-6.9192197612671,3,11.361417728054,90,0,00000000008.10
163,5.0934448281623,-4.7895822261752,-7.0722234801544,3,17.833122539007,90,0,00000000008.15
164,5.0488023483298,-4.89675835731,-6.9681635542062,3,15.108957503975,90,0,00000000008.20
165,5.0868780730006,-4.6507578928129,-7.1316125209329,3,8.9371736891725,90,0,00000000008.25
166,5.0011051305976,-4.7328437293181,-7.0028413486249,3,18.783095961519,90,0,00000000008.30
167,5.0914876538647,-4.8972356601069,-6.9409293551115,3,12.883233992603,90,0,00000000008.35
168,5.0593593548729,-4.9199156920279,-6.7092088589727,3,17.312593740127,90,0,00000000008.40
169,5.0797525243206,-4.93936822572,-7.0206230896974,3,18.943775134665,90,0,00000000008.45
170,5.1712219009806,-4.798835846837,-7.0830966706966,3,15.500544349776,90,0,00000000008.50
171,5.0487362244301,-4.8238204363595,-6.8153153661815,3,18.817179652318,90,0,00000000008.55
172,5.1606010988442,-4.6348113227865,-7.0601297914361,3,10.291959490817,90,0,00000000008.60
173,5.1301855019858,-4.5703121152838,-6.9536018607824,3,10.591361692052,90,0,00000000008.65
174,5.0056956193499,-4.8519528960347,-6.912380128604,3,25.99046142475,90,0,00000000008.70
175,5.1960770366714,-4.714339281962,-7.200911299096,3,6.0491127260572,90,0,00000000008.75
176,5.1670393314967,-4.5600130850816,-7.1996982515002,3,14.315872328274,90,0,00000000008.80
177,5.1386083829505,-4.4398310348099,-6.973337982185,3,26.564160548826,90,0,00000000008.85
178,4.9960005518086,-4.6053745459075,-6.9974345556748,3,12.275192484987,90,0,00000000008.90
179,5.0144696089086,-4.4970417121899,-7.1539824224514,3,9.6572420876871,90,0,00000000008.95
180,4.9858835951611,-4.9981104630012,-6.860003480818,3,21.465561375803,90,0,00000000009.00
181,5.1127399683467,-5.0603432971262,-6.9612214760647,3,19.548184259183,90,0,00000000009.05
182,5.0924478473935,-5.0103163760843,-6.9216086035575,3,24.606429634608,90,0,00000000009.10
183,4.9156781745147,-5.045650752887,-6.7563491458317,3,16.13849220842,90,0,00000000009.15
184,5.1043901962006,-4.7702554210247,-7.0656222660591,3,11.085052228992,90,0,00000000009.20
185,5.0786982672162,-4.6441226854452,-7.1190280252412,3,17.585614778549,90,0,00000000009.25
186,5.1026318592632,-4.5166781820817,-7.2094920392296,3,19.171884983456,90,0,00000000009.30
187,5.020637292366,-4.7804310509917,-6.7664577205765,3,13.0462933639,90,0,00000000009.35
188,5.1500557338327,-4.5264696415049,-7.1405713780139,3,22.669749229456,90,0,00000000009.40
189,5.1785672417777,-4.6709661947384,-7.0674094739949,3,11.89325282465,90,0,00000000009.45
190,5.0462193252918,-4.6563430340276,-6.8314221236831,3,18.685723763171,90,0,00000000009.50
191,5.0639377364322,-4.7670051053937,-6.9910247283594,3,19.557876427764,90,0,00000000009.55
192,5.0796631173577,-4.571337967051,-7.2686766547128,3,15.164007781657,90,0,00000000009.60
193,5.0409648035753,-4.8056293790349,-7.078732027658,3,15.965275442739,90,0,00000000009.65
194,5.0703373191997,-4.6841797987994,-7.1546310885938,3,29.171401837303,90,0,00000000009.70
195,5.1972560909949,-4.5949302293906,-6.9549862717238,3,13.201539542666,90,0,00000000009.75
196,5.0103997294508,-4.958657312308,-6.7791018209102,3,22.651360907115,90,0,00000000009.80
197,5.0131461995929,-4.8695753809546,-6.9320445381717,3,20.455703383196,90,0,00000000009.85
198,5.0122092891273,-5.0005286419513,-6.9080997702544,3,18.279784167343,90,0,00000000009.90
199,5.0420935664822,-4.8390317272482,-6.9581653411813,3,12.802048427052,90,0,00000000009.95
200,5.0872557242866,-4.6580291934689,-7.1362970732607,3,28.430497025628,90,0,000000000010.00
201,5.0081985486503,-4.7444093581616,-7.0215953904191,3,15.724870522887,90,0,000000000010.05
202,5.1134268187128,-5.016168341204,-6.8372508057395,3,19.794048999456,90,0,000000000010.10
203,5.1142878263922,-4.7095555437847,-6.9572191174904,3,20.285431879394,90,0,000000000010.15
204,4.951693348087,-4.8549289371805,-6.9404324945416,3,29.934630168217,90,0,000000000010.20
205,5.1177891334451,-4.624281790258,-7.0589488744676,3,12.74958812212,90,0,000000000010.25
206,4.9812111500262,-4.9582479960558,-6.8440969576603,3,30.023562293793,90,0,000000000010.30
207,5.1146082013426,-4.7032006644986,-7.2330777823115,3,14.074023245675,90,0,000000000010.35
208,5.0923211875294,-4.4816408971663,-7.1431520727456,3,16.291325780394,90,0,000000000010.40
209,5.0295691410936,-4.5366164004733,-7.1836534269468,3,26.945662600122,90,0,000000000010.45
210,5.0282112728443,-4.4474120002072,-7.0561027528148,3,24.380520521735,90,0,000000000010.50
211,5.0150833504561,-4.9748562707401,-6.8141763587268,3,18.970491925821,90,0,000000000010.55
212,5.0524205363603,-5.1501004373141,-6.8583946211467,3,28.005413482423,90,0,000000000010.60
213,5.0770032602109,-4.973772676976,-6.8733809976443,3,28.069539199366,90,0,000000000010.65
214,5.0150246771367,-4.7559051378154,-7.0353095803402,3,21.315245407671,90,0,000000000010.70
215,4.9305285779229,-4.7301098320302,-7.0352299522639,3,17.991890029555,90,0,000000000010.75
216,5.1387871968763,-4.8241417426325,-7.1090828976005,3,25.195238666923,90,0,000000000010.80
217,5.0347174920416,-4.8361856055954,-6.9711773139145,3,24.734692758786,90,0,000000000010.85
218,5.1302655957234,-4.7465998287531,-6.9610091345278,3,10.12116556327,90,0,000000000010.90
219,4.9865979195419,-4.5570701058856,-6.9992585508505,3,36.834244986624,90,0,000000000010.95
220,5.2253745808321,-4.6789839504024,-7.1284008551869,3,23.04867053398,90,0,000000000011.00
221,5.0783937247488,-4.5268621939514,-7.1401569394879,3,17.74113767106,90,0,000000000011.05
222,4.9335153292778,-4.5093989651843,-6.9080746245461,3,15.780535304275,90,0,000000000011.10
223,5.1000423169675,-4.7115183060174,-6.9122041086458,3,34.249021668517,90,0,000000000011.15
224,5.1085085044299,-5.3039092845289,-6.8351278560315,3,16.351591220414,90,0,000000000011.20
225,5.060183109651,-5.3467650220869,-6.9965269818689,3,31.104473955046,90,0,000000000011.25
226,5.1093238773052,-4.3690230484864,-7.5719809288429,3,25.174682011907,90,0,000000000011.30
227,4.939898613901,-4.6216540637385,-6.7706561225434,3,27.553634452267,90,0,000000000011.35
228,4.9800451342181,-4.7432656940943,-6.7188601543551,3,14.859354971931,90,0,000000000011.40
229,5.015969969505,-4.5721114304125,-7.0306068672231,3,30.635836362315,90,0,000000000011.45
230,5.0461313153126,-4.5609346287254,-7.2088782976821,3,27.725790817722,90,0,000000000011.50
231,5.0415962402509,-4.7186527022614,-6.9518248973945,3,17.363230515845,90,0,000000000011.55
232,5.1127530068621,-4.802474058302,-7.0820261154479,3,29.800976958459,90,0,000000000011.60
233,5.117502751767,-4.6245430262278,-7.3655160370829,3,35.242388011141,90,0,000000000011.65
234,5.011446535975,-4.6238328927984,-7.0258422211577,3,21.283053581872,90,0,000000000011.70
235,5.0842410332558,-4.6912094212587,-6.8821978280394,3,34.867412498289,90,0,000000000011.75
236,4.9610484829047,-5.3153324210253,-6.5974292005702,3,18.861560982769,90,0,000000000011.80
237,5.2627490196375,-5.1087823132538,-7.0811422903666,3,37.182696491775,90,0,000000000011.85
238,5.0272082384791,-4.4549287043499,-7.4499380961556,3,23.938056206214,90,0,000000000011.90
239,4.9876093358099,-4.4169745172693,-6.9548642684723,3,20.568968920205,90,0,000000000011.95
240,4.9345002028537,-4.6114938005934,-6.7635622388295,3,37.241839203574,90,0,000000000012.00
241,4.9657232563459,-4.7005380133843,-6.9712667208774,3,23.626514698054,90,0,000000000012.05
242,4.8435765811965,-4.6153192078869,-7.2016437842661,3,24.01176127033,90,0,000000000012.10
243,4.697671868297,-4.7672733262824,-7.4782791720776,3,21.831679585496,90,0,000000000012.15
244,4.2414272052117,-4.7355506182526,-7.4557928552428,3,31.200386011397,90,0,000000000012.20
245,4.1821671526036,-4.7126549851658,-7.443354111527,3,34.998267624331,90,0,000000000012.25
246,3.8455660025367,-4.8709709677663,-7.6142457422553,3,28.505533584584,90,0,000000000012.30
247,3.6358172675346,-5.0571232494774,-7.768249235879,3,20.964746189254,90,0,000000000012.35
248,3.3155857407536,-4.7082200272761,-7.9803267428683,3,22.163384417427,90,0,000000000012.40
249,3.1312472096704,-4.714355114445,-8.0405646841332,3,34.706516696989,90,0,000000000012.45
250,3.1327163709621,-4.6229686254902,-8.1981696019819,3,16.6315042737,90,0,000000000012.50
251,3.1881251720764,-4.7080481982693,-7.9982556329006,3,28.462371002266,90,0,000000000012.55
252,3.2416494420505,-4.880717723708,-7.9794969344937,3,30.341000292986,90,0,000000000012.60
253,3.1123269268045,-4.6621684564551,-7.9465784083349,3,31.211693306348,90,0,000000000012.65
254,3.1701313222975,-4.940678130859,-7.8490912911448,3,13.01221885223,90,0,000000000012.70
255,3.2505838519151,-4.744144862563,-8.3687282849055,3,35.777102551239,90,0,000000000012.75
256,3.2122725026441,-4.7684835799107,-8.1013698008192,3,27.924924438313,90,0,000000000012.80
257,3.2905818262886,-4.5257115449651,-8.2559991431833,3,23.779391483484,90,0,000000000012.85
258,3.1962889125471,-4.392645113147,-8.2880003166497,3,21.120109410164,90,0,000000000012.90
259,3.1272332095644,-4.545274440377,-8.0141551711392,3,29.294281807688,90,0,000000000012.95
260,3.0295886988668,-4.7019000725849,-7.7371868355232,3,19.121704908713,90,0,000000000013.00
261,3.2874542124009,-4.6921137354357,-8.2528633802235,3,28.03067447304,90,0,000000000013.05
262,3.208364440476,-4.7334635244621,-8.0335033967079,3,26.498672490661,90,0,000000000013.10
263,3.1621633923889,-4.8510420626,-7.9651424603329,3,16.129582211548,90,0,000000000013.15
264,3.1660770424922,-4.714669435799,-8.0319359808893,3,23.413990621775,90,0,000000000013.20
265,3.2223238010532,-4.8344486890762,-7.8968336780197,3,24.868159671756,90,0,000000000013.25
266,3.2354058558068,-4.9013427924658,-8.0214027230707,3,29.937749245064,90,0,000000000013.30
267,3.242757483031,-4.5611474359236,-8.3685066301433,3,18.945728848571,90,0,000000000013.35
268,3.2324056002752,-4.8289124422944,-7.8925318992519,3,28.048035854339,90,0,000000000013.40
269,3.3378301465611,-4.4591084798663,-8.3547202627261,3,25.428635219376,90,0,000000000013.45
270,3.1037857678783,-4.5496768019781,-8.0497279665096,3,23.563956267631,90,0,000000000013.50
271,3.13357318769,-4.5546859202078,-8.0254530447553,3,22.720747027417,90,0,000000000013.55
272,3.1628327804576,-4.7184496739498,-8.0417204553934,3,13.062601839254,90,0,000000000013.60
273,3.2135663424694,-4.6623407511233,-8.1808488655618,3,21.778423981982,90,0,000000000013.65
274,3.1254751054577,-4.885007395283,-7.7123107450755,3,25.413429043256,90,0,000000000013.70
275,3.1773632745766,-4.95335436182,-7.9332865731813,3,17.6271990638,90,0,000000000013.75
276,3.245832942857,-4.8698687475516,-8.3060540039011,3,23.753387573011,90,0,000000000013.80
277,3.1522962630101,-4.6600781030357,-7.930318448277,3,24.825894773749,90,0,000000000013.85
278,3.1600320607781,-5.0157073365514,-7.788535768897,3,17.107770121617,90,0,000000000013.90
279,3.2161726485707,-4.9968853082125,-7.9382011621741,3,25.147816536955,90,0,000000000013.95
280,3.2476762629752,-4.7035932169452,-8.3024302279354,3,23.563892598954,90,0,000000000014.00
281,3.2111642288329,-4.7255910551128,-8.0366251898297,3,14.621773600877,90,0,000000000014.05
282,3.0913533105897,-4.5906591842662,-7.8305570414677,3,30.924000820155,90,0,000000000014.10
283,3.1889028263893,-4.6009614740973,-8.1350520114529,3,20.126430985479,90,0,000000000014.15
284,3.1859773094907,-4.9708678820038,-7.9003615277648,3,16.735231171585,90,0,000000000014.20
285,3.3058042930476,-4.879082787006,-8.2777734639436,3,18.267159805227,90,0,000000000014.25
286,3.1357271038721,-4.5831471367362,-8.1145517399142,3,25.040433418965,90,0,000000000014.30
287,3.1469153142602,-4.7639997275882,-7.7971537619318,3,18.80137653266,90,0,000000000014.35
288,3.208404953006,-4.87621710758,-7.9851090840618,3,16.072542322868,90,0,000000000014.40
289,3.247427367029,-4.5413708019909,-8.3146147206003,3,14.966764486891,90,0,000000000014.45
290,3.122894410726,-4.5505410692863,-8.0634472787047,3,25.86680187168,90,0,000000000014.50
291,3.0828386943557,-4.5681705391252,-8.0663204087109,3,20.105759358987,90,0,000000000014.55
292,3.1364609860261,-4.9432951471693,-7.8023617175217,3,10.745106944605,90,0,000000000014.60
293,3.3873143393984,-4.756536574491,-8.3049699444757,3,15.27596175432,90,0,000000000014.65
294,3.1951547945357,-4.8612521515006,-7.9584620838225,3,21.598855144405,90,0,000000000014.70
295,3.2076678112233,-4.7265261029333,-8.0297231585571,3,28.133470088682,90,0,000000000014.75
296,3.2029422807041,-4.6909626207882,-7.9721087528602,3,16.064921373186,90,0,000000000014.80
297,3.2059742012018,-4.7282923561121,-8.0422419960104,3,17.437576195095,90,0,000000000014.85
298,3.2143912614007,-4.7177157917959,-8.0068275254702,3,12.123392054121,90,0,000000000014.90
299,3.221637649179,-4.754383822462,-8.0713756274058,3,28.922807028331,90,0,000000000014.95
300,3.1728028209759,-4.7613463896991,-8.1092795230697,3,10.904031791444,90,0,000000000015.00
301,3.1941408171307,-4.7798177751054,-8.1354282657552,3,17.632208196635,90,0,000000000015.05
302,3.1004339380915,-4.7866206205286,-7.8636581068425,3,20.50004580827,90,0,000000000015.10
303,3.2578765729892,-4.6502251763255,-8.1844810234303,3,18.754284887656,90,0,000000000015.15
304,3.2094124111533,-4.3244234094903,-8.2434933442453,3,5.1211138984716,90,0,000000000015.20
305,3.1798119543396,-4.5833711198047,-8.0559054288537,3,28.124049234012,90,0,000000000015.25
306,3.1608446396859,-4.7022954189991,-7.9588662778007,3,11.481115938945,90,0,000000000015.30
307,3.1107134105206,-4.6856862129923,-7.9921657148744,3,13.885278229379,90,0,000000000015.35
308,3.1011445371822,-5.0532387032032,-8.0436622628693,3,12.646407952088,90,0,000000000015.40
309,3.3135631410482,-5.0068411460622,-8.1740297219944,3,18.021227425455,90,0,000000000015.45
310,3.3441680292109,-4.7602688495315,-8.0230437133692,3,15.267341708488,90,0,000000000015.50
311,3.1548657818715,-4.6009484355819,-7.8166710225398,3,24.160698875789,90,0,000000000015.55
312,3.2465451717621,-4.7286178533365,-7.79617773592,3,13.363649654377,90,0,000000000015.60
313,3.1932129870599,-4.7501099833701,-8.0911978961424,3,10.166001854458,90,0,000000000015.65
314,3.2506762856762,-4.8079525630869,-8.1717535697302,3,22.47880343167,90,0,000000000015.70
315,3.1776189226112,-4.8804271510786,-8.0675981832226,3,14.030748296062,90,0,000000000015.75
316,3.2905226873079,-4.7992721714425,-8.1325691055869,3,13.57421401614,90,0,000000000015.80
317,3.1919671103448,-4.6495634716677,-7.888948170155,3,11.135526940002,90,0,000000000015.85
318,3.2637061863681,-4.4519168072867,-8.1408448375919,3,25.562627939663,90,0,000000000015.90
319,3.2263466487232,-4.4059378796231,-8.2503543973266,3,3.900450216778,90,0,000000000015.95
320,3.2679246117695,-4.5129198300104,-8.163028008943,3,9.5510840716375,90,0,000000000016.00
321,3.2423402505374,-4.6615328288282,-7.9035568953665,3,18.236339271283,90,0,000000000016.05
322,3.0652229615242,-4.8464390009936,-7.6622996565166,3,9.2493964213196,90,0,000000000016.10
323,3.0778202629007,-5.0397093808044,-8.0800620726466,3,22.206878604876,90,0,000000000016.15
324,3.226739666831,-4.9544412152129,-8.2093650301196,3,16.558810928957,90,0,000000000016.20
325,3.2220257778435,-4.9616342847763,-8.1903092398254,3,9.0427948542277,90,0,000000000016.25
326,3.1336819195954,-4.7480866851728,-8.1144446378232,3,21.918209554947,90,0,000000000016.30
327,3.2553992550584,-4.2991431250644,-8.1849708990813,3,13.686848970788,90,0,000000000016.35
328,3.1481779547808,-4.3952132350245,-7.9919831756585,3,7.1379819264379,90,0,000000000016.40
329,3.1471758517381,-4.7613291602323,-7.8058462607691,3,24.152223846271,90,0,000000000016.45
330,3.2176099120657,-4.8776466876641,-7.9979548157233,3,9.5536404525232,90,0,000000000016.50
331,3.2340701064676,-4.9004291650635,-8.0156722955412,3,4.2612001303012,90,0,000000000016.55
332,3.1473236991898,-5.094011537922,-7.8774500621949,3,19.821052845618,90,0,000000000016.60
333,3.2761491210353,-4.8027157364986,-8.1800274390901,3,4.4830948118292,90,0,000000000016.65
334,3.2750422442079,-4.7494235986652,-8.0380370747858,3,16.599896095995,90,0,000000000016.70
335,3.2228260167277,-4.6853104243513,-7.9416973469531,3,13.454945869856,90,0,000000000016.75
336,3.1762095987921,-4.5492213852608,-8.0411523486499,3,9.2021667496465,90,0,000000000016.80
337,3.2613529671645,-4.6116013683456,-8.1189028787761,3,14.0604364038,90,0,000000000016.85
338,3.2022787134012,-4.8658160975607,-7.9808715665485,3,12.343232269623,90,0,000000000016.90
339,3.2827989967328,-4.7495581747708,-8.0369679165209,3,12.051769093142,90,0,000000000016.95
340,3.2382144917278,-4.7667750687287,-8.097269187718,3,14.049441718955,90,0,000000000017.00
341,3.1966665638331,-4.6916215314784,-7.9719932688664,3,12.633536994534,90,0,000000000017.05
342,3.1926299791558,-4.6739250064174,-7.9396279482906,3,7.7847350308073,90,0,000000000017.10
343,3.219803642286,-4.8235149625696,-7.8781466914476,3,5.9507712274588,90,0,000000000017.15
344,3.2345823338593,-4.9149051768145,-8.0443635487347,3,14.6800589283,90,0,000000000017.20
345,3.3014217220503,-4.6727184780793,-8.1967856567017,3,9.4652083740265,90,0,000000000017.25
346,3.1803430410125,-4.8771265440309,-8.0087190415294,3,14.171807363654,90,0,000000000017.30
347,3.2800180676571,-4.6119026511842,-8.1072147810199,3,17.575828377589,90,0,000000000017.35
348,3.1869852332992,-4.669636266165,-7.9400628759123,3,5.1709800774118,90,0,000000000017.40
349,3.2301431850183,-4.613154348665,-8.1423684812516,3,2.2679292099292,90,0,000000000017.45
350,3.173608880626,-4.5411733616145,-8.0265724944368,3,15.721973975375,90,0,000000000017.50
351,3.2031138768803,-4.8325613639684,-7.9101990876532,3,3.8339159029342,90,0,000000000017.55
352,3.2314854536152,-4.6309854498317,-8.1590363605778,3,14.286817823673,90,0,000000000017.60
353,3.1968013727694,-4.8881738918863,-8.0137863674172,3,6.3653013499651,90,0,000000000017.65
354,3.1789427975881,-4.7411529889341,-8.0664731456059,3,7.9050863403241,90,0,000000000017.70
355,3.1779623477942,-4.7329531597154,-8.0518206482354,3,18.017148168658,90,0,000000000017.75
356,3.1854385394069,-4.8732541049496,-7.9926825988788,3,7.6838709469336,90,0,000000000017.80
357,3.2691115823344,-4.6366390432524,-8.1513231473812,3,12.165845155358,90,0,000000000017.85
358,3.2161442432335,-4.6076204301895,-8.1301858512317,3,6.1138938586289,90,0,000000000017.90
359,3.2662296047642,-4.5874200445056,-8.0685760718795,3,8.9770664084555,90,0,000000000017.95
360,3.131860252726,-4.6685745584804,-7.9157646710947,3,8.2686286785705,90,0,000000000018.00
361,3.1815095224818,-4.6958036353011,-7.9933904040019,3,14.163126012273,90,0,000000000018.05
362,3.2581357134833,-4.7550459927811,-8.0575231360889,3,14.516098130932,90,0,000000000018.10
363,3.2721751677981,-4.8186809329756,-8.1719538040742,3,6.8455643700969,90,0,000000000018.15
364,3.1717797631763,-4.6924704319649,-7.9745683756629,3,8.5732720476182,90,0,000000000018.20
365,3.2402103159104,-4.7656365269353,-8.0870441976569,3,9.6035217138897,90,0,000000000018.25
366,3.1308814327466,-4.8177840693789,-7.915835451607,3,16.04585070004,90,0,000000000018.30
367,3.2453707740513,-4.7399264371616,-8.0331113099226,3,10.759215369939,90,0,000000000018.35
368,3.2148911487689,-4.8813426411259,-7.9937443065634,3,9.185458344948,90,0,000000000018.40
369,3.2172811552125,-4.744468031481,-8.0584712224248,3,9.2486529452669,90,0,000000000018.45
370,3.1870373873609,-4.7068570367529,-8.0035334376803,3,12.267562483001,90,0,000000000018.50
371,3.1571319224185,-4.7086745126709,-8.0254008906936,3,4.7099685531207,90,0,000000000018.55
372,3.2481232977898,-4.7423734871102,-8.0389497708656,3,11.863860076747,90,0,000000000018.60
373,3.1984267634156,-4.7589002710731,-8.1006238114724,3,11.402427869265,90,0,000000000018.65
374,3.2736259354698,-4.600446452738,-8.0815503260502,3,8.434319563416,90,0,000000000018.70
375,3.1787653806461,-4.7003559398296,-8.0002747401465,3,4.9085382015026,90,0,000000000018.75
376,3.1917380050024,-4.8490103825,-7.9511158117029,3,7.620460373134,90,0,000000000018.80
377,3.2392489582284,-4.7372065097117,-8.034213064476,3,16.486173111017,90,0,000000000018.85
378,3.2683139045872,-4.7664020740553,-8.0742366502191,3,3.3351919672933,90,0,000000000018.90
379,3.2319965168537,-4.7284520779261,-8.0201482316222,3,9.9100696041314,90,0,000000000018.95
380,3.2081330068272,-4.5968939229459,-8.1129256507762,3,6.9445516595306,90,0,000000000019.00
381,3.2386987794436,-4.70209332201,-7.9690018608988,3,6.2384760422537,90,0,000000000019.05
382,3.2925701998909,-4.7291333403571,-7.9913349751773,3,5.3207619849926,90,0,000000000019.10
383,3.1885498551502,-4.8532283422401,-7.9574096893632,3,7.6454398450815,90,0,000000000019.15
384,3.2752520246079,-4.8826371794432,-7.9630404653819,3,6.982805431107,90,0,000000000019.20
385,3.3573637053133,-4.6515453260124,-8.1300526721099,3,9.5425465263515,90,0,000000000019.25
386,3.3999423744184,-4.7368675083106,-7.9412549687512,3,8.9479603683539,90,0,000000000019.30
387,3.4610559916926,-4.7103662600474,-7.857467605983,3,8.6072243347057,90,0,000000000019.35
388,3.5435741946825,-4.7107578811714,-7.8113708660194,3,8.1518106326074,90,0,000000000019.40
389,3.6817936340613,-4.7408298200161,-7.7900622065243,3,6.9267589568789,90,0,000000000019.45
390,3.7000189174889,-4.7413117794256,-7.7780174122389,3,7.2759894135121,90,0,000000000019.50
391,3.8400639818578,-4.7413397191015,-7.6966491597434,3,10.33812720933,90,0,000000000019.55
392,3.9582460169955,-4.6078057633731,-7.6998380080874,3,6.0327405216061,90,0,000000000019.60
393,3.9721040962475,-4.7354113855343,-7.6091779507063,3,3.9747728119636,90,0,000000000019.65
394,3.9601333421033,-4.8646044469487,-7.5359028909998,3,8.5391154209542,90,0,000000000019.70
395,4.0651082924376,-4.7485253380846,-7.5814250049622,3,4.2855348740945,90,0,000000000019.75
396,4.0814828051667,-4.7355119683676,-7.5460617571611,3,5.4996476657255,90,0,000000000019.80
397,4.1426455497044,-4.7443707082766,-7.5292127356028,3,2.8297506038881,90,0,000000000019.85
398,4.1408536851559,-4.7352698245097,-7.511815165074,3,6.8161868366967,90,0,000000000019.90
399,4.1365039432778,-4.7357583031769,-7.5151423148138,3,8.7598675628152,90,0,000000000019.95
400,4.1687430696507,-4.7361094117709,-7.4966732577138,3,8.8240302653365,90,0,000000000020.00
401,4.6627100205066,-4.7094847632724,-7.5041401361011,3,8.8213073467544,90,0,000000000020.05
402,5.0745319958766,-4.7964199961932,-7.0992639641627,3,4.2250151772011,90,0,000000000020.10
403,5.0799192310536,-4.9136953888475,-6.6937414543882,3,12.528501835461,90,0,000000000020.15
404,5.0743406090966,-4.6956373942294,-6.8793563629993,3,13.900658998939,90,0,000000000020.20
405,5.1359126698863,-4.5781720117789,-6.9496218539488,3,11.42301603001,90,0,000000000020.25
406,5.1376751977751,-4.7221861399417,-6.9076438878758,3,9.4363105620356,90,0,000000000020.30
407,5.1770356818765,-4.7705292298487,-6.990474316744,3,6.2538889212534,90,0,000000000020.35
408,5.1375876534572,-4.7983552844113,-7.0707287074931,3,3.2750923691157,90,0,000000000020.40
409,5.1784508264614,-4.784540511657,-7.0137392192141,3,11.673659130483,90,0,000000000020.45
410,5.1085774222971,-4.7683639049655,-7.0141336343057,3,10.006084894121,90,0,000000000020.50
411,5.1084083872579,-4.7614283460818,-6.9971537619318,3,5.9590942482218,90,0,000000000020.55
412,5.1305426641762,-4.8350037573043,-6.7949715568278,3,13.183803113255,90,0,000000000020.60
413,5.1000921427228,-4.6864363932905,-6.8593087142103,3,10.174856612203,90,0,000000000020.65
414,5.1542047757055,-4.6147501698208,-7.0284191905992,3,10.779376158012,90,0,000000000020.70
415,5.1623566418139,-4.6180917550598,-7.0310366725709,3,4.6946463049579,90,0,000000000020.75
416,5.0810726740074,-4.9978389824836,-6.8175184096271,3,6.0321392434897,90,0,000000000020.80
417,5.2420466511097,-4.8630822002728,-7.129876070075,3,6.03070231043,90,0,000000000020.85
418,5.2001962762233,-4.7696370228646,-6.9672247810955,3,5.424836212652,90,0,000000000020.90
419,5.1341431570786,-4.7255444889862,-6.9235844043057,3,7.7809203171225,90,0,000000000020.95
420,5.0840286917189,-4.5870251637527,-7.0193117875746,3,10.781127732625,90,0,000000000021.00
421,5.0483613671116,-4.6840214739692,-6.8955553214314,3,13.588776937751,90,0,000000000021.05
422,5.1072372491759,-4.6181625355722,-7.0645493825041,3,5.6578791431193,90,0,000000000021.10
423,5.0473676459717,-4.7592155237496,-7.0354683708317,3,5.4655268087232,90,0,000000000021.15
424,5.053889697652,-4.7634139257166,-7.0346800063097,3,16.148973083035,90,0,000000000021.20
425,5.1428454348025,-4.9375726358814,-6.9950405911104,3,7.3099116344664,90,0,000000000021.25
426,5.0974774547188,-4.8936109528186,-6.9376101216133,3,13.459963964186,90,0,000000000021.30
427,5.1219237398188,-4.6030550871456,-7.0275027692293,3,7.3771167232644,90,0,000000000021.35
428,5.1083497139385,-4.5836737996271,-7.00338058437,3,6.2867753674391,90,0,000000000021.40
429,5.0059359005627,-4.6698500046857,-6.8843296253115,3,10.456586363453,90,0,000000000021.45
430,5.1882814014309,-4.7914113436248,-7.0246342958358,3,12.288894521449,90,0,000000000021.50
431,5.1311354509667,-5.0302378306704,-6.850310741583,3,8.9305522315992,90,0,000000000021.55
432,5.0607107038645,-4.7397429666231,-6.9843154808506,3,9.9609001357976,90,0,000000000021.60
433,5.079157874885,-4.6538717696933,-7.1417788376746,3,10.405400700353,90,0,000000000021.65
434,5.1090756798509,-4.6244363897981,-7.0705196255851,3,9.2066982178475,90,0,000000000021.70
435,5.0862084521012,-4.7401671840357,-6.9809440932906,3,17.443108813893,90,0,000000000021.75
436,5.1050551604872,-4.8939704433153,-6.9411342460682,3,9.7386390499851,90,0,000000000021.80
437,5.0348450832282,-4.8386447627369,-6.8634051363602,3,5.9836008837795,90,0,000000000021.85
438,5.0863649142863,-4.7753502209272,-7.041149438267,3,20.246785847834,90,0,000000000021.90
439,5.0997633858696,-4.9971349026506,-6.8548495419348,3,9.9885387990762,90,0,000000000021.95
440,5.0730502617307,-4.7307151916749,-7.0161406343587,3,10.913492180946,90,0,000000000022.00
441,5.0652574204578,-4.5968026533379,-7.0390786426207,3,12.467907670725,90,0,000000000022.05
442,5.0339817472426,-4.70435317613,-6.9360236136828,3,15.522336060989,90,0,000000000022.10
443,5.0746200058557,-4.7837195508464,-7.0748349085296,3,7.7125392638549,90,0,000000000022.15
444,5.0180836059877,-4.7199635387229,-6.9733072485415,3,10.567539658365,90,0,000000000022.20
445,5.1349119638274,-4.8012367963203,-7.0715273165629,3,20.739604083634,90,0,000000000022.25
446,5.1090873213825,-4.7940041455494,-7.0730714493183,3,8.1063815230215,90,0,000000000022.30
447,5.1198142942874,-4.5955225505199,-7.0126062653559,3,10.889327950557,90,0,000000000022.35
448,5.0876003136229,-4.6257625930813,-7.0414041549791,3,12.616646043605,90,0,000000000022.40
449,5.0728882116104,-4.5722748775165,-7.002583372284,3,12.422669461625,90,0,000000000022.45
450,5.0432530630325,-4.6576953143417,-7.0760758958013,3,14.26470222948,90,0,000000000022.50
451,5.1486424518928,-4.6289011500087,-7.064224350941,3,14.888199791931,90,0,000000000022.55
452,5.0131461995929,-4.9939022821477,-6.851123786152,3,21.033693065087,90,0,000000000022.60
453,5.1565829077868,-4.7829791494348,-7.0168251564185,3,15.15109159289,90,0,000000000022.65
454,5.0295467893529,-4.8782310925519,-6.9414075892309,3,5.9006187636939,90,0,000000000022.70
455,5.1910236806216,-4.763765965633,-6.9676373569765,3,11.044756017497,90,0,000000000022.75
456,5.1370484177121,-4.6959754643079,-6.8696808532311,3,25.454905655428,90,0,000000000022.80
457,5.060873219646,-4.5627982051087,-6.9817273355386,3,5.7939445089855,90,0,000000000022.85
458,5.042700788772,-4.7426431049827,-7.0127790256853,3,13.205367210268,90,0,000000000022.90
459,5.1669094120037,-4.8547077480796,-7.1611387047748,3,20.414510790261,90,0,000000000022.95
460,5.126559863375,-4.8134990544166,-7.1017040291923,3,10.024703439322,90,0,000000000023.00
461,4.9721037470016,-4.6980867724843,-6.9623162456992,3,17.701960597548,90,0,000000000023.05
462,5.035259056093,-4.5909483599119,-7.0515583645278,3,5.9420323229237,90,0,000000000023.10
463,5.1276341439138,-4.7270625447108,-6.931209141862,3,21.329878945565,90,0,000000000023.15
464,5.0304753179157,-4.8339872187624,-6.8601501641165,3,13.411909364619,90,0,000000000023.20
465,5.0373400962871,-4.772656370508,-7.0737922929568,3,13.639802958049,90,0,000000000023.25
466,5.0599218736812,-4.6679626795779,-7.1882006092013,3,14.721355339764,90,0,000000000023.30
467,5.0629607790979,-4.8802054963163,-6.9325874992069,3,13.760696973633,90,0,000000000023.35
468,5.0032425158048,-4.8723279046931,-6.9485834293275,3,15.31347580673,90,0,000000000023.40
469,5.0009891809426,-4.922944818558,-6.8185489180069,3,9.9299726721231,90,0,000000000023.45
470,4.9797666687815,-4.9850998872518,-6.8974752428278,3,15.26800844463,90,0,000000000023.50
471,4.8741463119337,-4.743892008496,-7.0960592833357,3,23.822806832115,90,0,000000000023.55
472,4.8063762997042,-4.6581116155128,-7.3046769271246,3,10.039397025645,90,0,000000000023.60
473,4.7894322832478,-4.6623281782691,-7.3292275203479,3,9.4641324868584,90,0,000000000023.65
474,4.7688761323572,-4.5967742480007,-7.2209235576288,3,16.328966913579,90,0,000000000023.70
475,4.6648595129067,-4.5777231143193,-7.2501810549207,3,11.223713917865,90,0,000000000023.75
476,4.6616292207101,-4.7356251240551,-7.1724798848885,3,24.681101523125,90,0,000000000023.80
477,4.5364292046447,-4.6916406235903,-7.1987366609875,3,17.872919260883,90,0,000000000023.85
478,4.5360129034737,-4.8941501885637,-7.2521102895424,3,6.802957085631,90,0,000000000023.90
479,4.4882458365517,-4.9065656492162,-7.2945390157201,3,24.668660759642,90,0,000000000023.95
480,4.5421447310137,-4.9457384718278,-7.3439102857006,3,17.447315962555,90,0,000000000024.00
481,4.3802911197815,-4.7056691348654,-7.3597329898305,3,16.023507424631,90,0,000000000024.05
482,4.3656237212505,-4.7669329278976,-7.445729915302,3,8.5824646513449,90,0,000000000024.10
483,4.3934716618927,-4.7316884237192,-7.3626177613684,3,19.213021007057,90,0,000000000024.15
484,4.2634078139124,-4.8322624094362,-7.2981078436566,3,10.35991398856,90,0,000000000024.20
485,4.3023343017147,-4.6055179695772,-7.4934955852402,3,18.635529763645,90,0,000000000024.25
486,4.2611349212771,-4.7945769089056,-7.5564446063911,3,14.808692354325,90,0,000000000024.30
487,4.2424074221749,-4.7498473504165,-7.4788058349685,3,19.267851162485,90,0,000000000024.35
488,4.2457401598499,-4.7692272409512,-7.5221975486427,3,24.951968455005,90,0,000000000024.40
489,4.153254244648,-4.5534626280641,-7.4829464949386,3,7.5793324162204,90,0,000000000024.45
490,4.1160781775415,-4.5567418146936,-7.5105583453193,3,23.35367980781,90,0,000000000024.50
491,4.1457850379543,-4.8793798788931,-7.4575530548252,3,15.861902329622,90,0,000000000024.55
492,4.204919827682,-4.7900860716641,-7.5772950552012,3,11.974346298065,90,0,000000000024.60
493,4.1887692980215,-4.771100596221,-7.5481632864509,3,13.444364306655,90,0,000000000024.65
494,4.2073361439871,-4.7591526594788,-7.5171125276268,3,16.821227063383,90,0,000000000024.70
495,4.1806584101044,-4.7577528817156,-7.5366614532008,3,19.143672740801,90,0,000000000024.75
496,4.2121697079198,-4.4608472590305,-7.6079988963828,3,13.328807482809,90,0,000000000024.80
497,4.0726836698997,-4.6548128711102,-7.3968452613437,3,21.763577848316,90,0,000000000024.85
498,4.1340168464604,-4.7160068149526,-7.4779774235777,3,19.50965085536,90,0,000000000024.90
499,4.1388578609733,-4.8859685201343,-7.4645864025746,3,10.054082891717,90,0,000000000024.95
500,4.1917118115562,-4.9646769154831,-7.5852345797727,3,16.560587959799,90,0,000000000025.00
501,4.1504467728801,-4.8951420470586,-7.4720258069473,3,11.567630072599,90,0,000000000025.05
502,4.1168316174686,-4.734980648864,-7.5182529320653,3,22.14679199235,90,0,000000000025.10
503,4.1256386689771,-4.7252571759856,-7.4974006206101,3,21.770594259916,90,0,000000000025.15
504,4.1228749693682,-4.7028034554394,-7.4561174211446,3,7.9418391756326,90,0,000000000025.20
505,4.132463866141,-4.7225530810187,-7.4868957681286,3,21.019479220417,90,0,000000000025.25
506,4.1352685439413,-4.777497385021,-7.594453741501,3,20.609628026668,90,0,000000000025.30
507,3.9735164468648,-4.838088297525,-7.4534212424192,3,8.4995248114929,90,0,000000000025.35
508,4.2647507810013,-4.8980379944668,-7.752868909951,3,11.853276736701,90,0,000000000025.40
509,4.183620015751,-4.7405699810301,-7.4894187208634,3,22.690267060358,90,0,000000000025.45
510,4.1072669350816,-4.6639533360846,-7.3944466401667,3,17.531228714311,90,0,000000000025.50
511,4.131427769826,-4.5575795393097,-7.5129341490943,3,11.646735843042,90,0,000000000025.55
512,4.1560947783656,-4.6034243565289,-7.590118435122,3,25.146600480254,90,0,000000000025.60
513,4.1658308240982,-4.6173494910031,-7.6086005307374,3,18.109318671487,90,0,000000000025.65
514,4.06456812537,-4.7018237041375,-7.4895705264359,3,11.944290234515,90,0,000000000025.70
515,4.1880270339648,-4.9313788753931,-7.538047261126,3,7.7238824005529,90,0,000000000025.75
516,4.0311983734452,-4.7020770238657,-7.4960823335683,3,21.853147275376,90,0,000000000025.80
517,4.0568535151896,-4.8962419389669,-7.5230790454177,3,13.052187323408,90,0,000000000025.85
518,4.2457005786423,-4.818598976593,-7.6040072480176,3,14.630388480484,90,0,000000000025.90
519,4.2172584542258,-4.7520275764601,-7.5009484937895,3,14.776370819298,90,0,000000000025.95
520,4.0531827074361,-4.6538522119201,-7.3987367774029,3,15.651613269672,90,0,000000000026.00
521,4.0374214705932,-4.7979780987865,-7.4061994648388,3,23.79490830979,90,0,000000000026.05
522,4.2182107315131,-4.9406520538281,-7.5903917782847,3,14.247397690654,90,0,000000000026.10
523,4.2440251294102,-4.9000254367466,-7.4873749335705,3,14.342852232966,90,0,000000000026.15
524,4.1185191738936,-4.7397811508469,-7.5242413359356,3,17.469528345784,90,0,000000000026.20
525,4.1399242252706,-4.4555359266397,-7.6295902122659,3,14.641708235719,90,0,000000000026.25
526,4.1369174504813,-4.7163686337557,-7.4833814225602,3,11.897499720751,90,0,000000000026.30
527,4.158811911848,-4.6097987935881,-7.5956029935034,3,21.408454731408,90,0,000000000026.35
528,4.1280815279743,-4.6312257310445,-7.5953217340993,3,17.113076253743,90,0,000000000026.40
529,4.1426679014451,-4.7623545463382,-7.5651203414228,3,13.893838590186,90,0,000000000026.45
530,4.1846947619511,-4.7825358399103,-7.5285296105267,3,17.527154411641,90,0,000000000026.50
531,4.1968764606484,-4.6087734074821,-7.5176042659229,3,6.2535156137745,90,0,000000000026.55
532,4.133951188222,-4.5586072537219,-7.5109136448646,3,18.53917350569,90,0,000000000026.60
533,4.1851571635874,-4.7439031843664,-7.5108442613361,3,24.33011634999,90,0,000000000026.65
534,4.1490092765545,-4.7507060297895,-7.5396267841375,3,7.078689121668,90,0,000000000026.70
535,4.1180255729525,-4.7822010294606,-7.5582062029573,3,17.23324103255,90,0,000000000026.75
536,4.2032224923704,-4.7691825374697,-7.5339508389761,3,15.561198851629,90,0,000000000026.80
537,4.0037038697033,-4.7968232588489,-7.3510120856561,3,14.799220774907,90,0,000000000026.85
538,4.202642278434,-4.9387274758191,-7.529197368781,3,12.111349481924,90,0,000000000026.90
539,4.1311069292142,-4.7560872113701,-7.5421059647134,3,24.105125854635,90,0,000000000026.95
540,4.1198737825141,-4.8431593487029,-7.4468391204357,3,19.02134852837,90,0,000000000027.00
541,4.1535965056779,-4.7580699970372,-7.5458843402191,3,10.297463046118,90,0,000000000027.05
542,4.1724897801904,-4.7637962336153,-7.5505344336133,3,19.407572412276,90,0,000000000027.10
543,4.1204069646627,-4.6992788653232,-7.4514980613939,3,12.911905175463,90,0,000000000027.15
544,4.1796241764344,-4.7414370423059,-7.5040120792532,3,12.726140622063,90,0,000000000027.20
545,4.0684489463541,-4.7325014682882,-7.5506350164466,3,23.413345448842,90,0,000000000027.25
546,4.2316026838387,-4.6621624028587,-7.6549319639788,3,17.202175698423,90,0,000000000027.30
547,4.1918380057591,-4.6311013994867,-7.6199682535432,3,18.039318726207,90,0,000000000027.35
548,4.0244467507612,-4.6511360097603,-7.4165012890086,3,8.5250262279037,90,0,000000000027.40
549,4.0934572846011,-4.7152850399916,-7.501990643701,3,19.684673768745,90,0,000000000027.45
550,4.1556738205819,-4.7766461562282,-7.583765418481,3,9.2632755026483,90,0,000000000027.50
551,4.1982971931685,-4.6424709849376,-7.6277648201063,3,20.900833522864,90,0,000000000027.55
552,4.1229266577687,-4.7190797136416,-7.486125564396,3,21.67604945034,90,0,000000000027.60
553,4.1383945280145,-4.8904542351019,-7.4842335826755,3,10.386127595255,90,0,000000000027.65
554,4.2010660150513,-4.7619834143099,-7.5327168366233,3,14.693140747337,90,0,000000000027.70
555,4.1284978291454,-4.7069073281695,-7.4618827732689,3,27.047052908419,90,0,000000000027.75
556,4.0855792273166,-4.6967442710568,-7.4580806490387,3,15.612770115976,90,0,000000000027.80
557,4.1693135047006,-4.9022019375001,-7.4785953560766,3,18.635540540481,90,0,000000000027.85
558,4.1784264956603,-4.7543763718817,-7.5124042265745,3,12.278131351948,90,0,000000000027.90
559,4.1115738361233,-4.8996347469451,-7.5057918366088,3,15.829448469302,90,0,000000000027.95
560,4.1537697316685,-4.7602139015022,-7.5459318376682,3,19.250559751533,90,0,000000000028.00
561,4.1239324861015,-4.8928472683437,-7.4963924639709,3,14.549910069596,90,0,000000000028.05
562,4.0998764251418,-4.7115164433724,-7.4859118258753,3,19.19378082657,90,0,000000000028.10
563,4.1513869429745,-4.6951130596448,-7.4801120148173,3,13.792511420104,90,0,000000000028.15
564,4.1615169381375,-4.7628802779066,-7.5534280527152,3,12.241338260918,90,0,000000000028.20
565,4.0823815314086,-4.7420568374499,-7.5580823370608,3,17.13407295962,90,0,000000000028.25
566,4.0968761696101,-4.6018322606632,-7.6066466160687,3,18.736951638365,90,0,000000000028.30
567,4.0908640170153,-4.7481104338973,-7.5625550135129,3,19.486614595949,90,0,000000000028.35
568,4.1592482364535,-4.74754093017,-7.5200643543868,3,24.278109371851,90,0,000000000028.40
569,4.1113987474876,-4.7280180816269,-7.5089681120986,3,13.763213594674,90,0,000000000028.45
570,4.1271436861862,-4.7368060410236,-7.5193840232784,3,15.232047633528,90,0,000000000028.50
571,4.1757359048701,-4.7565882628914,-7.5321515238474,3,11.652530206247,90,0,000000000028.55
572,4.1393272475286,-4.7346453727531,-7.5068232763112,3,20.953001572006,90,0,000000000028.60
573,4.115457451075,-4.8838851516339,-7.4800854721252,3,2.3305472116319,90,0,000000000028.65
574,4.0530076188004,-4.7024299951047,-7.485107163209,3,24.876275388144,90,0,000000000028.70
575,4.1023248720741,-4.9034862312695,-7.5146314844059,3,18.200717428532,90,0,000000000028.75
576,4.1794621263141,-4.7690484270253,-7.5933976217515,3,7.5995045843419,90,0,000000000028.80
577,4.229350280299,-4.7530450463246,-7.4849693274745,3,17.666358151659,90,0,000000000028.85
578,4.2071880637048,-4.7320483798771,-7.4688760741496,3,11.516051559842,90,0,000000000028.90
579,4.1118937454125,-4.6918371326442,-7.4529048240761,3,16.27692505467,90,0,000000000028.95
580,4.0853240449433,-4.6967852492481,-7.4781012894743,3,18.123311041697,90,0,000000000029.00
581,4.1725419342521,-4.6470959326235,-7.6586116192963,3,14.539597024389,90,0,000000000029.05
582,4.2011200317581,-4.772702005312,-7.5455742098165,3,21.596467831786,90,0,000000000029.10
583,4.2712434960218,-4.7994733371091,-7.5602527842178,3,14.602329083777,90,0,000000000029.15
584,4.1108753442255,-4.7238755590118,-7.5106179499612,3,12.896046226069,90,0,000000000029.20
585,4.0764960386778,-4.5396222439401,-7.5035189439734,3,11.462575337037,90,0,000000000029.25
586,4.0837445219318,-4.7285768751452,-7.5372505147012,3,15.543377456108,90,0,000000000029.30
587,4.0539361473632,-4.8654910659976,-7.4810396120576,3,22.00525618943,90,0,000000000029.35
588,4.1297662904318,-4.7720044447368,-7.5822976541732,3,19.359842131637,90,0,000000000029.40
589,4.1704101369801,-4.7906886373413,-7.5968975318207,3,10.242325215427,90,0,000000000029.45
590,4.1482157897586,-4.7438133117422,-7.5222795050254,3,20.300279690822,90,0,000000000029.50
591,4.1033446702449,-4.6963787269636,-7.4589798409418,3,15.6072816364,90,0,000000000029.55
592,4.1697400504195,-4.5950391941266,-7.5576250576983,3,17.473693103532,90,0,000000000029.60
593,4.1060320014063,-4.8512232048322,-7.4255863402924,3,16.682024766164,90,0,000000000029.65
594,4.1263786047275,-4.7551028034554,-7.5513023090396,3,14.61713240564,90,0,000000000029.70
595,4.1229471468643,-4.9064389893521,-7.5076228167035,3,13.429506636409,90,0,000000000029.75
596,4.1836097712032,-4.8007525086045,-7.5987098854648,3,8.6179384828719,90,0,000000000029.80
597,4.0715418684775,-4.820539387085,-7.3693004661851,3,17.508900684031,90,0,000000000029.85
598,4.1244544923797,-4.7332875045038,-7.5081569301747,3,13.628925147943,90,0,000000000029.90
599,4.1155454610541,-4.838655472946,-7.4416274395557,3,20.927795900519,90,0,000000000029.95
600,4.2365074939449,-4.8058617440062,-7.6494548561776,3,21.528054251669,90,0,000000000030.00
601,4.2685212402655,-4.6478628767272,-7.6127472443039,3,15.368131325058,90,0,000000000030.05
602,4.0804369299651,-4.4920204867674,-7.4082041365854,3,10.915209621165,90,0,000000000030.10
603,4.1587015501281,-4.6033475224201,-7.5355019566504,3,14.260951022501,90,0,000000000030.15
604,4.1613777054192,-4.6618285237316,-7.6479284185503,3,12.006011206996,90,0,000000000030.20
605,4.1686587849617,-4.6132092966943,-7.5932900539992,3,21.590062749487,90,0,000000000030.25
606,4.1991540098965,-4.7983678572655,-7.6051015519908,3,15.264617014625,90,0,000000000030.30
607,4.1583243645033,-4.7247193372243,-7.4777585627831,3,10.571193501814,90,0,000000000030.35
608,4.0157565802302,-4.6685657109163,-7.4456293324688,3,11.581584198689,90,0,000000000030.40
609,4.1468039048025,-4.8031320376697,-7.5836392242782,3,21.329654649114,90,0,000000000030.45
610,4.1707826659922,-4.7656490997895,-7.5517973069645,3,15.748520585968,90,0,000000000030.50
611,4.1375079089656,-4.7233749731517,-7.4875807558497,3,15.509729552133,90,0,000000000030.55
612,4.0831820031234,-4.7004872563064,-7.4719671336279,3,17.5907015234,90,0,000000000030.60
613,4.1899371764746,-4.7759900395055,-7.5615952856454,3,18.28702360783,90,0,000000000030.65
614,4.1850784668336,-4.9152222921361,-7.5018057761787,3,17.093163822964,90,0,000000000030.70
615,4.2077901637207,-4.7611792173049,-7.5170790000157,3,11.554560987023,90,0,000000000030.75
616,4.1518218705962,-4.5740406650341,-7.5166170640406,3,8.006406583844,90,0,000000000030.80
617,4.123457511611,-4.7090763783428,-7.4692523284518,3,16.32477118846,90,0,000000000030.85
618,4.0724745879916,-4.7280879308167,-7.5363303680412,3,23.759547727527,90,0,000000000030.90
619,4.1404574074193,-4.7653790162557,-7.5721439102857,3,20.62629649362,90,0,000000000030.95
620,4.2285013798125,-4.7787509451468,-7.5503262830278,3,8.3551052833969,90,0,000000000031.00
621,4.1552342363475,-4.7327026339547,-7.4968124904321,3,20.083577723281,90,0,000000000031.05
622,4.1262659147013,-4.7125935178788,-7.4704658417089,3,13.64192726552,90,0,000000000031.10
623,4.0707432594077,-4.8720811042226,-7.4830414898367,3,19.946329596559,90,0,000000000031.15
624,4.1535918490652,-4.7731834990602,-7.5741616205478,3,21.651222519909,90,0,000000000031.20
625,4.1147114617282,-4.759249517022,-7.5670356062066,3,13.48578181759,90,0,000000000031.25
626,4.1053018445425,-4.749272258754,-7.5531412053758,3,17.655789497352,90,0,000000000031.30
627,4.1179454792149,-4.7216748438725,-7.4897120874605,3,9.0677474785979,90,0,000000000031.35
628,4.1917229874266,-4.7565584605704,-7.5218757767084,3,23.703656165969,90,0,000000000031.40
629,4.1436350798929,-4.8431011410447,-7.3891306511633,3,7.8648881313808,90,0,000000000031.45
630,4.093369274622,-4.69484996103,-7.4599679741465,3,20.857041366008,90,0,000000000031.50
631,4.1565101482142,-4.6292131430564,-7.6265135882868,3,21.077545277617,90,0,000000000031.55
632,4.1078094304555,-4.7588732627197,-7.5710835995849,3,3.7457447225752,90,0,000000000031.60
633,4.0816504432222,-4.7567698707848,-7.5800885571311,3,25.837458704714,90,0,000000000031.65
634,4.1769880680122,-4.7915137891032,-7.5942507131893,3,13.898546629684,90,0,000000000031.70
635,4.1587266958365,-4.8728769193248,-7.4296091879624,3,14.362957765352,90,0,000000000031.75
636,4.1630927358589,-4.5821105747599,-7.5269649886757,3,18.94269136594,90,0,000000000031.80
637,4.1305467387122,-4.5753519671569,-7.5361585390343,3,13.554285922585,90,0,000000000031.85
638,4.1445370657636,-4.7498981074944,-7.5406153830035,3,9.5095841471374,90,0,000000000031.90
639,4.1301891108606,-4.7594669808328,-7.5655985755422,3,28.534284267399,90,0,000000000031.95
640,4.2195774473264,-4.6598853192719,-7.653805063717,3,10.980856982276,90,0,000000000032.00
641,4.1264624237552,-4.7203854278292,-7.4336227224071,3,8.2344081081206,90,0,000000000032.05
642,4.1049251245789,-4.6745187245305,-7.4092304540139,3,25.34455510903,90,0,000000000032.10
643,4.1064892807687,-4.7821796090424,-7.6212506846676,3,17.699649300418,90,0,000000000032.15
644,4.2224696694445,-4.8019073485422,-7.5885463626908,3,11.090757221512,90,0,000000000032.20
645,4.1085004717731,-5.018092919213,-7.4121711049036,3,17.835728025742,90,0,000000000032.25
646,4.2001039588775,-4.6316508797796,-7.6074424311709,3,11.072055685216,90,0,000000000032.30
647,4.0164941876743,-4.6409003094901,-7.3950077619912,3,21.46376026912,90,0,000000000032.35
648,4.1569008380157,-4.6112293049947,-7.5960369898026,3,16.605381757299,90,0,000000000032.40
649,4.0628977984117,-4.851349399035,-7.4464810269228,3,9.3029767333927,90,0,000000000032.45
650,4.1503368768215,-4.7794550249798,-7.5824541163583,3,21.481137666683,90,0,000000000032.50
651,4.1338859956449,-4.9214980090071,-7.5343992707745,3,17.356749071333,90,0,000000000032.55
652,4.214343880367,-4.7890509066716,-7.5767455749083,3,12.991400841252,90,0,000000000032.60
653,4.1938319672966,-4.7376046500934,-7.4969042257014,3,8.7460170146533,90,0,000000000032.65
654,4.1185317467478,-4.5095498394342,-7.4187476389519,3,22.370415236537,90,0,000000000032.70
655,4.0868593301346,-4.6676874737702,-7.4052686079697,3,6.310968395559,90,0,000000000032.75
656,4.1804958943228,-4.7658688919066,-7.5458182163194,3,22.438901320353,90,0,000000000032.80
657,4.1869453028457,-4.8340072421968,-7.6704217203041,3,9.174209981088,90,0,000000000032.85
658,4.1418269172002,-4.9170244012324,-7.5264411197524,3,21.760239885724,90,0,000000000032.90
659,4.0777370259496,-4.8158902250133,-7.4201110951363,3,15.299933318579,90,0,000000000032.95
660,4.1487350020693,-4.7358197704639,-7.5021545564664,3,13.476548511973,90,0,000000000033.00
661,4.1883110873365,-4.7594180864,-7.5266832636103,3,22.346851361617,90,0,000000000033.05
662,4.1380536639684,-4.7234471506478,-7.4852501212174,3,13.077942756194,90,0,000000000033.10
663,4.168889287288,-4.7712998992425,-7.5699208434057,3,28.680635130642,90,0,000000000033.15
664,4.0875559593874,-4.5477317348734,-7.5065652999703,3,13.431372112753,90,0,000000000033.20
665,4.1772823659318,-4.7747416016536,-7.5730817520738,3,12.18009876466,90,0,000000000033.25
666,4.1401160777119,-4.7238159543699,-7.4873539788136,3,17.737844697032,90,0,000000000033.30
667,4.0663227370172,-4.8500204017842,-7.44045490449,3,11.026264694417,90,0,000000000033.35
668,4.115794589831,-4.7553095570572,-7.5582411275522,3,11.105544335409,90,0,000000000033.40
669,4.1874007195631,-4.8060638409953,-7.6203826920693,3,16.506806417649,90,0,000000000033.45
670,4.1172791179444,-4.7244203826921,-7.4992949306368,3,19.957092453561,90,0,000000000033.50
671,4.0588740194192,-4.7002441811259,-7.4867258017668,3,14.786538805275,90,0,000000000033.55
672,4.0989227508706,-4.6084665367084,-7.6160487826741,3,10.930305068466,90,0,000000000033.60
673,4.1115477590925,-4.7682707727125,-7.5847279403162,3,16.102891853853,90,0,000000000033.65
674,4.1887935124073,-4.9000468571648,-7.46302783432,3,27.816982023601,90,0,000000000033.70
675,4.1118080637397,-4.8104685309027,-7.327627973902,3,15.463209284349,90,0,000000000033.75
676,4.1213443407895,-4.8565159107723,-7.4726740074285,3,11.554935281646,90,0,000000000033.80
677,4.1808935690433,-4.7646488593918,-7.593136851443,3,15.389825303285,90,0,000000000033.85
678,4.140119803002,-4.9124781503003,-7.5218189660341,3,20.237116879705,90,0,000000000033.90
679,4.189007250928,-4.6393147328821,-7.6315860364485,3,16.487446404359,90,0,000000000033.95
680,4.0848327723085,-4.6559611917902,-7.3874575302374,3,20.318700459489,90,0,000000000034.00
681,4.2048821091196,-4.6095929713089,-7.5656977613917,3,11.53475600582,90,0,000000000034.05
682,4.1211683208313,-4.865244265527,-7.4467296900384,3,23.597872175882,90,0,000000000034.10
683,4.1086397044914,-4.7674572624822,-7.590560813324,3,15.42734703508,90,0,000000000034.15
684,4.1633218412014,-4.7793451289212,-7.5843284029507,3,11.937741442167,90,0,000000000034.20
685,4.194218931808,-4.6078979643036,-7.5656903108114,3,9.3461480798416,90,0,000000000034.25
686,3.9870155012814,-4.7657655151058,-7.3126788503056,3,13.505076169045,90,0,000000000034.30
687,4.1496178958281,-4.7693781152011,-7.5700475032698,3,20.039845512492,90,0,000000000034.35
